"Data Penyedia Katering - Kec. Serpong, Tangerang",,
No,Nama Penyedia Katering,Alamat
1,Erica Catering Service,"Jl. San Lorenzo IX No.19, Gading, Serpong, Kabupaten Tangerang, Banten 15810"
2,Homey Catering,"Jalan Boulevard Gading Serpong Ruko Glaze 2 Blok B no 1, Kelapa Dua, Kabupaten Tangerang, Banten 15810"
3,Cateringaja,"Sentra Gading Serpong, Ruko Jl. Boulevard Raya Gading Serpong No.5 Blok SG 3, Pakulonan Barat, Kelapa Dua, Kabupaten Tangerang, Banten 15810"
4,RnD Kitchen - Healty Catering Gading Serpong,"Jl. Fiordini Raya No.52, Curug Sangereng, Kelapa Dua, Kabupaten Tangerang, Banten 15810"
5,AGRA Catering,"Jln. Kelapa Lilin Utara XII, Blok DG 6 No. 64, Sektor 7C, Gading Serpong, Kelapa Dua, Kabupaten Tangerang, Banten 15810"
6,Ong Catering,"Ruko Santa Monica, Jl. Boulevard Raya Gading Serpong Jl. Pelepah Indah Raya No.31 blok a, Kelapa Dua, Kabupaten Tangerang, Banten 15810"
8,Catering Cita Rasa,"Ruko Neo Arcade, Blok B No. 11
Jl. Boulevard Raya Gading Serpong, Gading Serpong, Serpong, Tangerang"
9,Nine Catering,"Villa Melati MaS Blok SR 03 no 02, Lengkong Karya, Serpong Utara, Kota Tangerang Selatan, Banten 15326"
10,Deliz Food Service,"Perumahan Alam Sutera, Jl. Sutera Narada VII No.6, Pakulonan, Serpong, Kota Tangerang Selatan, Banten 15325"
11,Delima Mandiri Catering,"Jl. Komp. Villa Bintaro Indah No.mor 60 Blok C1, Jombang, Ciputat, Kota Tangerang Selatan, Banten 15414"
12,Mylo Catering,"Belakang SMAN 12, Jl. Cilenggang RT 003/02 No. 53, Cilenggang, Serpong, Kota Tangerang Selatan, Banten 15311"
13,Virnie Katering,"Gg. H. Sinun, RT.03/RW.10, Lengkong Wetan, Serpong, Kota Tangerang Selatan, Banten 15322"
14,Fitri catering,"Legok indah Blok D14, No.10, Babakan, Legok, Kabupaten Tangerang, Banten 15820"
15,Amik Catering,"Jl. Garuda, RT.09/RW.03, Jelupang, Serpong Utara, Kota Tangerang Selatan, Banten 15332"